Workbook

Sheet Requirements Traceability Matrix
A1: RUDRAEDGE RE-T1 (SPECTRA) — REQUIREMENTS TRACEABILITY MATRIX (RTM)
A2: Deliverable: P09_Requirements_Traceability_Matrix.xlsx | Authority: REA-T1-OVERVIEW-2026-V1.0 | Project: RE-iDEX-PROPOSAL-2026-R1 | Classification: Commercial-in-Confidence
A3: Role: System Requirements & Configuration Engineer | Baseline Framework: 8-Layer PECLF Architecture & 10-Tier Validation Ladder | Status: Baseline Traceability Register (M1 Lifecycle)
A4: Requirement ID | B4: Requirement Description | C4: Requirement Category | D4: Requirement Source | E4: Source Document Section/Page | F4: Implementation Reference | G4: Related Interface ID | H4: Verification Method | I4: Acceptance Criteria Reference | J4: Test Case ID | K4: Verification Evidence / Reference | L4: Implementation Status | M4: Verification Status | N4: Traceability Status | O4: Open Issues / Remarks
A5: REQ-F-001 | B5: The system shall capture and hardware-synchronize daylight optical CMOS video and uncooled Long-Wave Infrared (LWIR) bolometer thermal video streams via high-speed MIPI-CSI camera interfaces routed directly to edge compute memory without host CPU overhead. | C5: Functional | D5: REA-T1-OVERVIEW-2026-V1.0 | E5: Sec 7 (Mod 02), Sec 8.2 (p. 8-9) | F5: MOD-02: Stabilized Multi-Spectral Perception (EO-IR-GIMBAL) | Layer A: Physical Perception (MIPI-CSI Gen3 camera interface & DMA pipeline) | G5: IF-001, IF-002, IF-015, IF-016 | H5: Demonstration | I5: AC-1.1, AC-1.2, AC-1.3 | J5: TBD (Test Case Not Yet Assigned / Pending Allocation) | K5: Planned: Logic analyzer strobe timing capture plots, DMA memory buffer transfer logs, and 30-minute dual-stream raw video recordings.; Execution Evidence: Not Available / Pending Test Execution (Milestone M1-M5) | L5: Pending | M5: Not Verified | N5: Partial (Pending Test Case & Evidence) | O5: P05 ISSUE-001: Optical sensor resolution (1080p vs 4K), lens FOV, and zoom ratios undefined; P07 GAP-IF-001: MIPI-CSI lane routing spec required.
A6: REQ-F-002 | B6: The system shall capture and stream 16-bit IQ complex radar samples from an onboard micro-Ground Penetrating Radar (GPR) antenna over high-speed SPI / USB 3.0 interfaces into prioritized DSP memory ring buffers to detect subsurface anomalies. | C6: Functional | D6: REA-T1-OVERVIEW-2026-V1.0 | E6: Sec 3, Sec 7 (Mod 04), Sec 8.2 (p. 4, 8, 9) | F6: MOD-11: Subsurface Radar & CBRN Sensing Ingress (GPR-CBRN-INGRESS) / MOD-13 | Layer A: Physical Perception (High-Speed SPI / USB 3.0 IQ buffer to DSP) | G6: IF-014, IF-016 | H6: Test | I6: AC-2.1, AC-2.2, AC-2.3 | J6: TBD (Test Case Not Yet Assigned / Pending Allocation) | K6: Planned: DSP FIFO ring buffer utilization logs, serial communication packet audit trace, and raw binary IQ sample capture dump.; Execution Evidence: Not Available / Pending Test Execution (Milestone M1-M5) | L6: Pending | M6: Not Verified | N6: Partial (Pending Test Case & Evidence) | O6: P05 ISSUE-002: Micro-GPR RF center frequency, bandwidth, and ice penetration depth undefined; P07 GAP-IF-002: High-speed SPI ring buffer latency.
A7: REQ-F-003 | B7: The system shall ingest acoustic air pressure signals from a synchronized 4-channel microphone array and execute Time-Difference-of-Arrival (TDoA) algorithms to calculate directional bearing estimates to acoustic impulse noises. | C7: Functional | D7: REA-T1-OVERVIEW-2026-V1.0 | E7: Sec 4, Sec 7 (Mod 04), Sec 8.2 (p. 5, 8, 9) | F7: MOD-04: Electromagnetic Sensing & Acoustic Tracking (EW-DSP) / MOD-14 | Layer D & Layer A (4-channel microphone PDM ingress & TDoA DSP engine) | G7: IF-012, IF-013 | H7: Demonstration | I7: AC-3.1, AC-3.2, AC-3.3, AC-3.4 | J7: TBD (Test Case Not Yet Assigned / Pending Allocation) | K7: Planned: Time-Difference-of-Arrival cross-correlation logs, acoustic bearing output telemetry, and acoustic chamber test certificates.; Execution Evidence: Not Available / Pending Test Execution (Milestone M1-M5) | L7: Pending | M7: Not Verified | N7: Partial (Pending Test Case & Evidence) | O7: P05 ISSUE-003: 4-channel acoustic sampling rate (kHz) and wind shear noise suppression thresholds undefined.
A8: REQ-F-004 | B8: The system shall maintain real-time 6-DOF vehicle pose and velocity estimation in GNSS-denied environments by fusing visual feature streams from tracking lenses, tactical-grade IMU angular rates, LiDAR range data, and onboard Digital Elevation Models (DEM) via extended Kalman filtering. | C8: Functional | D8: REA-T1-OVERVIEW-2026-V1.0 | E8: Sec 2.2, Sec 7 (Mod 01), Sec 8.2 (p. 3, 8, 9) | F8: MOD-01: GNSS-Denied Localization & Navigation (VIO-NAV) | Layer B: Navigation & Autonomy (Multi-sensor EKF, DEM terrain matching, Swadeshi ROS 2 VIO node) | G8: IF-002, IF-003, IF-004, IF-005 | H8: Test | I8: AC-4.1, AC-4.2, AC-4.3, AC-4.4 | J8: TBD (Test Case Not Yet Assigned / Pending Allocation) | K8: Planned: VIO state estimation ROS 2 topic telemetry bagfiles, Gazebo ground-truth pose log files, and 3D positional drift deviation error plots.; Execution Evidence: Not Available / Pending Test Execution (Milestone M1-M5) | L8: Pending | M8: Not Verified | N8: Partial (Pending Test Case & Evidence) | O8: P05 FIND-DUP-003: Overlap with REQ-P-005; P07 GAP-IF-003: DEM grid resolution and VIO tracking dropout thresholds pending validation.
A9: REQ-F-005 | B9: The system shall execute real-time attitude PID control loops, autonomous waypoint navigation, and trajectory execution using Swadeshi ROS 2 middleware integrated with custom PX4 autopilot flight firmware running on dedicated 32-bit automotive/aerospace microcontrollers. | C9: Functional | D9: REA-T1-OVERVIEW-2026-V1.0 | E9: Sec 3, Sec 6, Sec 7 (Mod 01) (p. 3, 7, 8) | F9: MOD-07: Autopilot Flight Control Stack (PX4-AUTOPILOT) & MOD-08 | Layer B: Navigation & Autonomy (STM32H7 bare-metal MCU, attitude PID loops, micro-XRCE-DDS) | G9: IF-005, IF-006, IF-008, IF-009, IF-010 | H9: Demonstration | I9: AC-5.1, AC-5.2, AC-5.3, AC-5.4 | J9: TBD (Test Case Not Yet Assigned / Pending Allocation) | K9: Planned: MAVLink flight control log files (.ulg format), ROS 2 action server logs, and Gazebo trajectory tracking telemetry.; Execution Evidence: Not Available / Pending Test Execution (Milestone M1-M5) | L9: Pending | M9: Not Verified | N9: Partial (Pending Test Case & Evidence) | O9: P05 ISSUE-009: Inner-loop latency target discrepancy (< 1 ms vs < 2 ms); P07 GAP-IF-005: Micro-XRCE-DDS transport bridge timing.
A10: REQ-F-006 | B10: The system shall execute optimized neural network models directly onboard the heterogeneous edge compute matrix to detect tactical targets and generate bounding boxes from synchronized video streams without ground-cloud reliance. | C10: Functional | D10: REA-T1-OVERVIEW-2026-V1.0 | E10: Sec 4, Sec 7 (Mod 03), Sec 8.2 (p. 5, 8, 9) | F10: MOD-03: Heterogeneous Edge Intelligence Engine (EDGE-AI) | Layer F: Mission Intelligence & AI (NVIDIA GPU/NPU accelerator matrix, PyTorch/TensorRT INT8 object detector) | G10: IF-017 | H10: Demonstration | I10: AC-6.1, AC-6.2, AC-6.3 | J10: TBD (Test Case Not Yet Assigned / Pending Allocation) | K10: Planned: Inference output JSON metadata streams, annotated bounding box video recordings, and edge compute CPU/GPU loading telemetry.; Execution Evidence: Not Available / Pending Test Execution (Milestone M1-M5) | L10: Pending | M10: Not Verified | N10: Partial (Pending Test Case & Evidence) | O10: P05 ISSUE-004: Tactical target classification taxonomy and minimum acceptable mAP@0.50 undefined; P06 OQ-004.
A11: REQ-F-007 | B11: The system shall execute vision transformer and convolutional neural architectures on onboard edge acceleration hardware to generate real-time pixel-level semantic segmentation masks of ground terrain, obstacles, and camouflaged assets. | C11: Functional | D11: REA-T1-OVERVIEW-2026-V1.0 | E11: Sec 2.2, Sec 4, Sec 7 (Mod 03) (p. 3, 5, 8) | F11: MOD-03: Heterogeneous Edge Intelligence Engine (EDGE-AI) | Layer F: Mission Intelligence & AI (Vision Transformer & CNN semantic segmentation, POSIX shared memory) | G11: IF-017 | H11: Demonstration | I11: AC-7.1, AC-7.2, AC-7.3 | J11: TBD (Test Case Not Yet Assigned / Pending Allocation) | K11: Planned: Color-coded semantic segmentation mask output images, shared memory transfer latency logs, and GPU utilization metrics.; Execution Evidence: Not Available / Pending Test Execution (Milestone M1-M5) | L11: Pending | M11: Not Verified | N11: Partial (Pending Test Case & Evidence) | O11: P05 ISSUE-005: Semantic terrain classes (rock, snow, structure) and target mIoU percentage undefined; P06 OQ-005.
A12: REQ-F-008 | B12: The system shall perform comparative neural inference between live video streams and onboard historical terrain embeddings to automatically detect and flag ground modifications, fortifications, or vehicle tracks. | C12: Functional | D12: REA-T1-OVERVIEW-2026-V1.0 | E12: Sec 2.2, Sec 7 (Mod 03), Sec 8.2 (p. 3, 8, 9) | F12: MOD-03: Heterogeneous Edge Intelligence Engine (EDGE-AI) | Layer F: Mission Intelligence & AI (Temporal change detection CNN, encrypted local historical embeddings) | G12: IF-017 | H12: Demonstration | I12: AC-8.1, AC-8.2, AC-8.3, AC-8.4 | J12: TBD (Test Case Not Yet Assigned / Pending Allocation) | K12: Planned: Temporal difference heatmaps, change detection alert event log files, and visual comparison confirmation dossiers.; Execution Evidence: Not Available / Pending Test Execution (Milestone M1-M5) | L12: Pending | M12: Not Verified | N12: Partial (Pending Test Case & Evidence) | O12: P05 ISSUE-006: Historical embedding storage format and minimum detectable physical ground disturbance dimensions undefined.
A13: REQ-F-009 | B13: The system shall ingest wideband radio frequency spectrum signals using Software-Defined Radio (SDR) to generate RF spectrum occupancy grids, characterize hostile radar signatures, and detect electronic emissions. | C13: Functional | D13: REA-T1-OVERVIEW-2026-V1.0 | E13: Sec 4, Sec 7 (Mod 04), Sec 8.2 (p. 5, 8, 9) | F13: MOD-04: Electromagnetic Sensing & Acoustic Tracking (EW-DSP) & MOD-10 | Layer D: Electromagnetic Awareness (Wideband SDR front-end (400 MHz - 6 GHz), real-time FFT spectrum grid) | G13: IF-011, IF-013 | H13: Demonstration | I13: AC-9.1, AC-9.2, AC-9.3, AC-9.4 | J13: TBD (Test Case Not Yet Assigned / Pending Allocation) | K13: Planned: FFT spectrum occupancy waterfall plots, detected emitter parameter logs, and VITA 49 radio transport packet capture traces.; Execution Evidence: Not Available / Pending Test Execution (Milestone M1-M5) | L13: Pending | M13: Not Verified | N13: Partial (Pending Test Case & Evidence) | O13: P05 ISSUE-017 / FIND-DUP-002: SDR frequency range discrepancy (400 MHz-6 GHz vs 70 MHz-6 GHz); P07 GAP-IF-004.
A14: REQ-F-010 | B14: The system shall modulate and transmit tactical mission intelligence, target coordinates, and compressed mission video to friendly optical ground terminals over a directional Free-Space Optical (FSO) laser communications link. | C14: Functional | D14: REA-T1-OVERVIEW-2026-V1.0 | E14: Sec 2.2, Sec 7 (Mod 05), Sec 8.2 (p. 3, 8, 9) | F14: MOD-05: Secure Free-Space Optical Transceiver (FSO-COMM) | Layer E: Secure Communications (1550 nm directional laser transmitter, serializer/framer firmware) | G14: IF-018, IF-019, IF-021 | H14: Demonstration | I14: AC-10.1, AC-10.2, AC-10.3, AC-10.4 | J14: TBD (Test Case Not Yet Assigned / Pending Allocation) | K14: Planned: Optical power meter logs, bit error rate (BER) test readouts, received video playback recordings, and RF spectrum analyzer silence plots.; Execution Evidence: Not Available / Pending Test Execution (Milestone M1-M5) | L14: Pending | M14: Not Verified | N14: Partial (Pending Test Case & Evidence) | O14: P05 FIND-DUP-001: Functional overlap with REQ-P-006; P07 GAP-IF-006: Atmospheric scintillation RF failover trigger threshold.
A15: REQ-F-011 | B15: The system shall maintain closed-loop coarse-fine laser pointing, acquisition, and tracking (PAT) using fast steering mechanisms driven by high-rate gyro coordinate offsets over serial interfaces to compensate for airframe vibration and wind shear. | C15: Functional | D15: REA-T1-OVERVIEW-2026-V1.0 | E15: Sec 4, Sec 7 (Mod 05), Sec 8.2 (p. 5, 8, 9) | F15: MOD-09: FSO Pointing, Acquisition & Tracking Controller (FSO-PAT) | Layer E: Secure Communications (GNC) (High-rate coarse-fine gimbal & Fast Steering Mirror (FSM), 200 Hz gyro stabilization) | G15: IF-007, IF-019, IF-020 | H15: Test | I15: AC-11.1, AC-11.2, AC-11.3, AC-11.4 | J15: TBD (Test Case Not Yet Assigned / Pending Allocation) | K15: Planned: PSD beam displacement tracking logs, RS-422 gyro offset command traces, and motion table dynamic profile logs.; Execution Evidence: Not Available / Pending Test Execution (Milestone M1-M5) | L15: Pending | M15: Not Verified | N15: Partial (Pending Test Case & Evidence) | O15: P05 ISSUE-007: Coarse-fine optical tracking mirror angular jitter limits and re-acquisition timeout budget undefined.
... A41: REQ-D-006 | B41: The project team shall compile comprehensive defense qualification dossiers, safety registers, failure mode analyses, and manufacturing documentation packages prior to Milestone 5 pre-induction field trials. | C41: Documentation | D41: REA-T1-OVERVIEW-2026-V1.0 | E41: Sec 9.2 (M5), Sec 10 (Tier 10) (p. 10, 11) | F41: Systems Engineering & Defense Certification | Milestone 5 Deliverable (Comprehensive iDEX defense qualification trial dossiers & pre-induction safety compliance registers) | G41: N/A (Documentation / Milestone Deliverable) | H41: Inspection | I41: AC-D-6.1, AC-D-6.2, AC-D-6.3 | J41: TBD (Test Case Not Yet Assigned / Pending Allocation) | K41: Planned: Signed Defense Qualification Dossier submission certificate, MoD evaluation acknowledgment, and manufacturing data package.; Execution Evidence: Not Available / Pending Test Execution (Milestone M1-M5) | L41: Pending | M41: Not Verified | N41: Partial (Pending Test Case & Evidence) | O41: Pending Milestone 5 (M17-18) Pre-Induction flight trials and MoD evaluation dossier compilation.

Sheet ID Traceability Matrix
A1: RUDRAEDGE RE-T1 (SPECTRA) — ID TRACEABILITY MATRIX
A2: Bidirectional Identifier Lineage: P02 Preliminary Drafts → P03 Numbered Baseline → Subsystem Modules & Acceptance Criteria
A3: Configuration Control: Single Source of Truth Alignment | Document ID: REA-T1-IDTM-2026-V1.0 | Evaluation Standard: iDEX / DIO / MoD
A4: Current Requirement ID | B4: Previous Draft ID (P02) | C4: Requirement Title | D4: Original Category (P02) | E4: Current Category (P03) | F4: PECLF Architecture Layer | G4: Associated Subsystem / Module ID | H4: Related Interface ID(s) | I4: Acceptance Criteria Reference | J4: Verification Method | K4: Mapping Rationale & Configuration Notes | L4: Traceability Lineage Status
A5: REQ-F-001 | B5: DRAFT-F-001 | C5: Multi-Spectral EO/IR Video Ingress & Synchronization | D5: Functional | E5: Functional | F5: Layer A: Physical Perception | G5: MOD-02: Stabilized Multi-Spectral Perception (EO-IR-GIMBAL) | H5: IF-001, IF-002, IF-015, IF-016 | I5: AC-1.1, AC-1.2, AC-1.3 | J5: Demonstration | K5: Direct 1-to-1 baseline mapping with updated stable sequential identifier. | L5: Baselined & Mapped (Forward & Backward)
A6: REQ-F-002 | B6: DRAFT-F-002 | C6: Subsurface Micro-GPR Raw Data Ingress & Buffering | D6: Functional | E6: Functional | F6: Layer A: Physical Perception | G6: MOD-11: Subsurface Radar & CBRN Sensing Ingress (GPR-CBRN-INGRESS) / MOD-13 | H6: IF-014, IF-016 | I6: AC-2.1, AC-2.2, AC-2.3 | J6: Test | K6: Direct 1-to-1 baseline mapping with updated stable sequential identifier. | L6: Baselined & Mapped (Forward & Backward)
A7: REQ-F-003 | B7: DRAFT-F-003 | C7: 4-Channel Acoustic Array Ingress & TDoA Bearing Estimation | D7: Functional | E7: Functional | F7: Layer D & Layer A | G7: MOD-04: Electromagnetic Sensing & Acoustic Tracking (EW-DSP) / MOD-14 | H7: IF-012, IF-013 | I7: AC-3.1, AC-3.2, AC-3.3, AC-3.4 | J7: Demonstration | K7: Direct 1-to-1 baseline mapping with updated stable sequential identifier. | L7: Baselined & Mapped (Forward & Backward)
A8: REQ-F-004 | B8: DRAFT-F-004 | C8: GNSS-Denied Multi-Sensor VIO State Estimation | D8: Functional | E8: Functional | F8: Layer B: Navigation & Autonomy | G8: MOD-01: GNSS-Denied Localization & Navigation (VIO-NAV) | H8: IF-002, IF-003, IF-004, IF-005 | I8: AC-4.1, AC-4.2, AC-4.3, AC-4.4 | J8: Test | K8: Direct 1-to-1 baseline mapping with updated stable sequential identifier. | L8: Baselined & Mapped (Forward & Backward)
A9: REQ-F-005 | B9: DRAFT-F-005 | C9: Dual-Redundant Autopilot Attitude Control & Waypoint Navigation | D9: Functional | E9: Functional | F9: Layer B: Navigation & Autonomy | G9: MOD-07: Autopilot Flight Control Stack (PX4-AUTOPILOT) & MOD-08 | H9: IF-005, IF-006, IF-008, IF-009, IF-010 | I9: AC-5.1, AC-5.2, AC-5.3, AC-5.4 | J9: Demonstration | K9: Direct 1-to-1 baseline mapping with updated stable sequential identifier. | L9: Baselined & Mapped (Forward & Backward)
A10: REQ-F-006 | B10: DRAFT-F-006 | C10: Onboard Real-Time Neural Object Detection & Bounding Box Generation | D10: Functional | E10: Functional | F10: Layer F: Mission Intelligence & AI | G10: MOD-03: Heterogeneous Edge Intelligence Engine (EDGE-AI) | H10: IF-017 | I10: AC-6.1, AC-6.2, AC-6.3 | J10: Demonstration | K10: Direct 1-to-1 baseline mapping with updated stable sequential identifier. | L10: Baselined & Mapped (Forward & Backward)
A11: REQ-F-007 | B11: DRAFT-F-007 | C11: Vision Transformer Pixel-Level Semantic Terrain Segmentation | D11: Functional | E11: Functional | F11: Layer F: Mission Intelligence & AI | G11: MOD-03: Heterogeneous Edge Intelligence Engine (EDGE-AI) | H11: IF-017 | I11: AC-7.1, AC-7.2, AC-7.3 | J11: Demonstration | K11: Direct 1-to-1 baseline mapping with updated stable sequential identifier. | L11: Baselined & Mapped (Forward & Backward)
A12: REQ-F-008 | B12: DRAFT-F-008 | C12: Temporal Visual Change Detection & Ground Disturbance Flagging | D12: Functional | E12: Functional | F12: Layer F: Mission Intelligence & AI | G12: MOD-03: Heterogeneous Edge Intelligence Engine (EDGE-AI) | H12: IF-017 | I12: AC-8.1, AC-8.2, AC-8.3, AC-8.4 | J12: Demonstration | K12: Direct 1-to-1 baseline mapping with updated stable sequential identifier. | L12: Baselined & Mapped (Forward & Backward)
A13: REQ-F-009 | B13: DRAFT-F-009 | C13: Software-Defined Radio Wideband Spectrum Ingress & RF Mapping | D13: Functional | E13: Functional | F13: Layer D: Electromagnetic Awareness | G13: MOD-04: Electromagnetic Sensing & Acoustic Tracking (EW-DSP) & MOD-10 | H13: IF-011, IF-013 | I13: AC-9.1, AC-9.2, AC-9.3, AC-9.4 | J13: Demonstration | K13: Direct 1-to-1 baseline mapping with updated stable sequential identifier. | L13: Baselined & Mapped (Forward & Backward)
A14: REQ-F-010 | B14: DRAFT-F-010 | C14: Free-Space Optical (FSO) Directional Laser Telemetry Transmission | D14: Functional | E14: Functional | F14: Layer E: Secure Communications | G14: MOD-05: Secure Free-Space Optical Transceiver (FSO-COMM) | H14: IF-018, IF-019, IF-021 | I14: AC-10.1, AC-10.2, AC-10.3, AC-10.4 | J14: Demonstration | K14: Direct 1-to-1 baseline mapping with updated stable sequential identifier. | L14: Baselined & Mapped (Forward & Backward)
A15: REQ-F-011 | B15: DRAFT-F-011 | C15: Closed-Loop Coarse-Fine FSO Laser Pointing, Acquisition & Tracking | D15: Functional | E15: Functional | F15: Layer E: Secure Communications (GNC) | G15: MOD-09: FSO Pointing, Acquisition & Tracking Controller (FSO-PAT) | H15: IF-007, IF-019, IF-020 | I15: AC-11.1, AC-11.2, AC-11.3, AC-11.4 | J15: Test | K15: Direct 1-to-1 baseline mapping with updated stable sequential identifier. | L15: Baselined & Mapped (Forward & Backward)
... A41: REQ-D-006 | B41: DRAFT-D-006 | C41: Comprehensive Defense Qualification & Pre-Induction Trial Dossiers | D41: Documentation | E41: Documentation | F41: Milestone 5 Deliverable | G41: Systems Engineering & Defense Certification | H41: N/A (Documentation Deliverable) | I41: AC-D-6.1, AC-D-6.2, AC-D-6.3 | J41: Inspection | K41: Direct 1-to-1 baseline mapping with updated stable sequential identifier. | L41: Baselined & Mapped (Forward & Backward)

Sheet Coverage Summary
A1: RUDRAEDGE RE-T1 (SPECTRA) — REQUIREMENTS TRACEABILITY & COVERAGE SUMMARY
A2: Executive Traceability Metrics, Verification Method Allocations, and Audit Integrity Baseline
A3: Governing Standard: iDEX / DIO / MoD Evaluation Standard | Date: October 2026 | Authority: REA-T1-OVERVIEW-2026-V1.0
A5: 1. EXECUTIVE TRACEABILITY METRICS (FORMULA-EVALUATED)
A6: Metric Description / Traceability Dimension | B6: Requirement Count | C6: Coverage (%) | D6: Evaluation Formula / Criteria | E6: Traceability Status & Audit Assessment | F6: Evidence Limitation & Audit Note
A7: Total System Requirements Baselined | B7: =COUNTA('Requirements Traceability Matrix'!A5:A41) | C7: =B7/B7 | D7: COUNT of distinct active requirements in Master Register | E7: 100.0% Baselined | F7: Full set of 37 frozen system requirements in P03 register.
A8: Requirements with Verified Source References | B8: =COUNTIF('Requirements Traceability Matrix'!D5:D41,"<>") | C8: =B8/$B$7 | D8: COUNTIF(Source Document != blank) | E8: 100.0% Traceable to Source | F8: All requirements mapped to REA-T1-OVERVIEW-2026-V1.0 or Task Baselines.
A9: Requirements with Implementation References Assigned | B9: =COUNTIF('Requirements Traceability Matrix'!F5:F41,"<>") | C9: =B9/$B$7 | D9: COUNTIF(Implementation Reference != blank) | E9: 100.0% Allocated to Architecture | F9: All 37 requirements mapped to PECLF 8-Layer subsystems & P07 module IDs.
A10: Requirements with Related Interface IDs Accounted | B10: =COUNTIF('Requirements Traceability Matrix'!G5:G41,"<>") | C10: =B10/$B$7 | D10: COUNTIF(Interface ID != blank) | E10: 100.0% Formally Accounted | F10: 27 mapped to software/hardware interfaces (IF-001..IF-026); 10 documented N/A.
A11: Requirements with Verification Methods Assigned | B11: =COUNTIF('Requirements Traceability Matrix'!H5:H41,"<>") | C11: =B11/$B$7 | D11: COUNTIF(Verification Method != blank) | E11: 100.0% Method Assigned | F11: All 37 requirements assigned Test, Demonstration, Inspection, or Analysis.
A12: Requirements with Acceptance Criteria Defined | B12: =COUNTIF('Requirements Traceability Matrix'!I5:I41,"<>Pending Definition") | C12: =B12/$B$7 | D12: COUNTIF(Acceptance Criteria != 'Pending Definition') | E12: 100.0% Criteria Specified | F12: 116 formal acceptance criteria criteria (AC IDs) established in P04.
A13: Requirements Linked to Allocated Test Cases | B13: =COUNTIF('Requirements Traceability Matrix'!J5:J41,"<>*TBD*") | C13: =B13/$B$7 | D13: COUNTIF(Test Case ID != '*TBD*') | E13: 0.0% Linked (TBD Gap) | F13: AUDIT LIMITATION: 100% of Test Case IDs are TBD; test procedures in planning.
A14: Requirements with Certified Verification Evidence Produced | B14: =COUNTIF('Requirements Traceability Matrix'!M5:M41,"Verified") | C14: =B14/$B$7 | D14: COUNTIF(Verification Status == 'Verified') | E14: 8.1% Verified (Documentation) | F14: Physical/software testing in M1-M5; only released deliverables (P01, P03, P09) verified.
A15: Requirements Fully Traceable (End-to-End Auditable) | B15: =COUNTIF('Requirements Traceability Matrix'!N5:N41,"Fully Traceable") | C15: =B15/$B$7 | D15: COUNTIF(Traceability Status == 'Fully Traceable') | E15: 8.1% Fully Traceable | F15: 3 documentation requirements fully traceable; 34 partial pending test cases & logs.
A16: Requirements with Missing Links or Unresolved Gaps | B16: =COUNTIF('Requirements Traceability Matrix'!N5:N41,"<>Fully Traceable") | C16: =B16/$B$7 | D16: COUNTIF(Traceability Status != 'Fully Traceable') | E16: 91.9% Partial / Blocked | F16: 34 requirements pending formal test case ID allocation & physical test execution.
A18: 2. TRACEABILITY COVERAGE BY REQUIREMENT CATEGORY
A19: Requirement Category | B19: Total Reqs | C19: Acceptance Criteria Defined | D19: Test Cases Linked | E19: Verified Evidence Produced | F19: Fully Traceable Reqs (%)
A20: Functional Requirements | B20: =COUNTIF('Requirements Traceability Matrix'!C5:C41,"Functional") | C20: =COUNTIFS('Requirements Traceability Matrix'!C5:C41,"Functional",'Requirements Traceability Matrix'!I5:I41,"<>Pending Definition") | D20: =COUNTIFS('Requirements Traceability Matrix'!C5:C41,"Functional",'Requirements Traceability Matrix'!J5:J41,"<>*TBD*") | E20: =COUNTIFS('Requirements Traceability Matrix'!C5:C41,"Functional",'Requirements Traceability Matrix'!M5:M41,"Verified") | F20: =COUNTIFS('Requirements Traceability Matrix'!C5:C41,"Functional",'Requirements Traceability Matrix'!N5:N41,"Fully Traceable")/B20
A21: Security Requirements | B21: =COUNTIF('Requirements Traceability Matrix'!C5:C41,"Security") | C21: =COUNTIFS('Requirements Traceability Matrix'!C5:C41,"Security",'Requirements Traceability Matrix'!I5:I41,"<>Pending Definition") | D21: =COUNTIFS('Requirements Traceability Matrix'!C5:C41,"Security",'Requirements Traceability Matrix'!J5:J41,"<>*TBD*") | E21: =COUNTIFS('Requirements Traceability Matrix'!C5:C41,"Security",'Requirements Traceability Matrix'!M5:M41,"Verified") | F21: =COUNTIFS('Requirements Traceability Matrix'!C5:C41,"Security",'Requirements Traceability Matrix'!N5:N41,"Fully Traceable")/B21
A22: Performance Requirements | B22: =COUNTIF('Requirements Traceability Matrix'!C5:C41,"Performance") | C22: =COUNTIFS('Requirements Traceability Matrix'!C5:C41,"Performance",'Requirements Traceability Matrix'!I5:I41,"<>Pending Definition") | D22: =COUNTIFS('Requirements Traceability Matrix'!C5:C41,"Performance",'Requirements Traceability Matrix'!J5:J41,"<>*TBD*") | E22: =COUNTIFS('Requirements Traceability Matrix'!C5:C41,"Performance",'Requirements Traceability Matrix'!M5:M41,"Verified") | F22: =COUNTIFS('Requirements Traceability Matrix'!C5:C41,"Performance",'Requirements Traceability Matrix'!N5:N41,"Fully Traceable")/B22
A23: Safety Requirements | B23: =COUNTIF('Requirements Traceability Matrix'!C5:C41,"Safety") | C23: =COUNTIFS('Requirements Traceability Matrix'!C5:C41,"Safety",'Requirements Traceability Matrix'!I5:I41,"<>Pending Definition") | D23: =COUNTIFS('Requirements Traceability Matrix'!C5:C41,"Safety",'Requirements Traceability Matrix'!J5:J41,"<>*TBD*") | E23: =COUNTIFS('Requirements Traceability Matrix'!C5:C41,"Safety",'Requirements Traceability Matrix'!M5:M41,"Verified") | F23: =COUNTIFS('Requirements Traceability Matrix'!C5:C41,"Safety",'Requirements Traceability Matrix'!N5:N41,"Fully Traceable")/B23
A24: Documentation Requirements | B24: =COUNTIF('Requirements Traceability Matrix'!C5:C41,"Documentation") | C24: =COUNTIFS('Requirements Traceability Matrix'!C5:C41,"Documentation",'Requirements Traceability Matrix'!I5:I41,"<>Pending Definition") | D24: =COUNTIFS('Requirements Traceability Matrix'!C5:C41,"Documentation",'Requirements Traceability Matrix'!J5:J41,"<>*TBD*") | E24: =COUNTIFS('Requirements Traceability Matrix'!C5:C41,"Documentation",'Requirements Traceability Matrix'!M5:M41,"Verified") | F24: =COUNTIFS('Requirements Traceability Matrix'!C5:C41,"Documentation",'Requirements Traceability Matrix'!N5:N41,"Fully Traceable")/B24
A25: TOTAL SYSTEM REQUIREMENTS | B25: =SUM(B20:B24) | C25: =SUM(C20:C24) | D25: =SUM(D20:D24) | E25: =SUM(E20:E24) | F25: =E25/B25
A27: 3. FORMAL DEFINITION OF FULL TRACEABILITY & AUDIT CRITERIA
A28: MANDATORY AUDIT CRITERIA FOR FULL TRACEABILITY: A system requirement is classified as 'Fully Traceable' if and only if all seven (7) architectural linkage pillars are formally established, verified, and evidenced: 1. Verified Source Link: Exact originating reference in REA-T1-OVERVIEW-2026-V1.0 (Section & Page number). 2. Subsystem & PECLF Layer Allocation: Formal mapping to one of the 18 architecture modules (MOD-01 through MOD-18) and PECLF Layers A–H. 3. Interface Specification Mapping: Linkage to defined hardware/software interface IDs (IF-001 through IF-026) or documented N/A for physical/environmental parameters. 4. Standardized Verification Method: Explicit assignment of Test, Demonstration, Inspection, or Analysis in accordance with iDEX evaluation guidelines. 5. Baselined Acceptance Criteria: Defined quantitative verification thresholds (AC-x.x) specifying measurable pass/fail parameters. 6. Allocated Test Case ID: Direct linkage to a unique, configuration-controlled test case identifier in the System Verification Plan (SVP). 7. Certified Verification Evidence: Signed test logs, logic analyzer traces, environmental chamber telemetry, or baselined deliverable documents. HONEST AUDIT INTEGRITY DECLARATION: In strict adherence to defense systems engineering discipline, a planned test procedure is NOT proof that verification has passed. Currently, 34 of 37 requirements have Test Case IDs marked as 'TBD' and verification execution evidence pending physical test runs in Milestones M1 through M5. Rather than fabricating placeholder test IDs to artificially simulate 100% full coverage, this RTM truthfully records the current engineering state (8.1% fully traceable, 91.9% partial traceability pending test cases & execution).
A35: 4. PRIMARY BLOCKERS PREVENTING FULL TRACEABILITY & RESOLUTION ROADMAP
A36: Blocker ID | B36: Blocker Classification | C36: Impacted Scope | D36: Root Cause & Engineering Barrier | E36: Required Resolution & Governance Gate | F36: Target Milestone
A37: BLK-001 | B37: Test Plan Allocation Gap | C37: 37 Requirements (100%) | D37: Detailed Master Test Plan (MTP) and individual Test Case IDs (TC-xxx) have not yet been formally issued by the Verification Team. | E37: Draft and baseline formal System Verification Plan (SVP) allocating discrete Test Case IDs for each of the 116 AC criteria. | F37: Milestone 1 (Month 4)
A38: BLK-002 | B38: Hardware Sensor Specifications | C38: REQ-F-001, REQ-F-002, REQ-F-003 | D38: Commercial vendor selection for daylight optical CMOS, uncooled LWIR bolometer, micro-GPR, and acoustic array pending procurement freeze. | E38: Issue Sensor Procurement ICD specifying optical resolution, lens FOV, radar center frequency, and acoustic sampling rate. | F38: Milestone 2 (Month 5)
A39: BLK-003 | B39: Safety Standard & DAL Allocation | C39: REQ-S-002, REQ-S-001 | D39: Applicable safety standard (DO-178C/DO-254 vs Def-Stan 00-56) and subsystem Design Assurance Levels (DAL A through D) unassigned. | E39: Convening of Systems Engineering Review Board (SERB) to formally allocate DAL levels to flight autopilot (DAL B) and AI compute (DAL D). | F39: Milestone 1 (Month 4)
A40: BLK-004 | B40: Physical Testing Execution | C40: 34 Requirements (91.9%) | D40: RE-T1 platform currently in Milestone 1 (SRS Freeze & Gazebo Digital Twin); physical benchtop HIL, environmental chambers, and flight testing occur in M2-M5. | E40: Ascend 10-Tier Validation Ladder through Tier 3 (HIL), Tier 5 (Thermal Chamber), Tier 8 (GNSS-Denied), and Tier 10 (Field Demonstrator). | F40: Milestones M2–M5 (Months 5–18)

Sheet Review Issues and Gaps
A1: RUDRAEDGE RE-T1 (SPECTRA) — TRACEABILITY REVIEW ISSUES & TECHNICAL GAPS
A2: Actionable Engineering Discrepancy Log: Missing Links, Test Gaps, Specification Ambiguities & Resolution Actions
A3: Cross-Referenced to P05 Quality Audit, P06 Open Questions, and P07 Interface Gaps | Target Standard: iDEX / DIO / MoD
A4: Issue ID | B4: Associated REQ ID(s) | C4: Issue Classification / Type | D4: Issue Description & Identified Discrepancy | E4: Engineering Impact & Traceability Risk | F4: Root Cause / Source Document Discrepancy | G4: Recommended Follow-up Action | H4: Owner & Target Milestone
A5: RTM-ISSUE-001 | B5: ALL (37 REQs) | C5: Missing Test Case IDs | D5: Universal omission of formal Test Case IDs across all 37 requirements in P03 and P04 (currently marked 'TBD'). | E5: Prevents formal forward traceability from requirements to test procedures; prevents automated test harness execution. | F5: System Verification Plan (SVP) currently in authoring phase; test procedure numbering unbaselined in M1. | G5: Author System Verification Plan (SVP) establishing discrete Test Case IDs (e.g., TC-F-001-A) mapping 1-to-1 to each AC item. | H5: Verification Team | Milestone 1 (M4)
A6: RTM-ISSUE-002 | B6: 34 Requirements | C6: Missing Verification Evidence | D6: Physical test execution logs, oscilloscope traces, and environmental telemetry are unavailable for all 34 hardware/software requirements. | E6: Requirements cannot be certified as 'Verified' or 'Fully Traceable' under iDEX evaluation standards without verified test logs. | F6: Project is in Milestone 1 lifecycle stage (Architecture & Digital Twin); physical benchtop and flight testing occur in M2-M5. | G6: Execute 10-Tier Validation Ladder sequentially; archive signed test logs in HIL test reports (P09/P05/P06 deliverables). | H6: Test Engineering Lead | Milestones M2-M5
A7: RTM-ISSUE-003 | B7: ALL (37 REQs) | C7: Missing Verification Reference Document | D7: Column 11 of P03 ('Verification Reference / Test Case ID') lists 'Pending Definition' without referencing a parent test specification document. | E7: Auditors cannot determine which formal testing document governs compliance verification for each requirement. | F7: Lack of unified test document naming hierarchy during initial Day 2 requirements numbering. | G7: Update Column 11 in P03 to formally cite document identifier 'REA-T1-SVP-2026-V1.0' alongside allocated test case numbers. | H7: Configuration Control Board | Milestone 1 (M4)
A8: RTM-ISSUE-004 | B8: REQ-F-001 | C8: Missing Specification / Ambiguity | D8: Optical camera sensor specifications omitted in requirement text (resolution 4K vs 1080p, lens FOV, optical zoom factor undefined). | E8: Risk of procuring camera hardware incompatible with MIPI-CSI bandwidth or inadequate for tactical target detection at altitude. | F8: REA-T1-OVERVIEW-2026-V1.0 p. 5, 8 specifies 'daylight optical CMOS + LWIR' but omits sensor payload data sheets (P05 ISSUE-001). | G8: Baseline optical sensor resolution (>= 1080p), horizontal FOV (>= 60 deg), and zoom ratios in the Sensor ICD. | H8: Sensor Lead / Systems Eng | Milestone 2 (M5)
A9: RTM-ISSUE-005 | B9: REQ-F-002 | C9: Missing Specification / Ambiguity | D9: Micro-GPR operating center frequency, RF sweep bandwidth, PRF, and subsurface soil/ice penetration depth undefined. | E9: Radar engineering team cannot design front-end antenna, FIR filter kernels, or IQ sample buffer dimensions without RF bounds. | F9: Proposal references micro-GPR for subsurface anomaly detection without freezing RF operational bands (P05 ISSUE-002). | G9: Formally specify GPR center frequency (e.g., 500 MHz-1.5 GHz) and penetration depth (>= 1.5 m in Siachen ice) in Radar ICD. | H9: RF Payload Lead | Milestone 2 (M5)
A10: RTM-ISSUE-006 | B10: REQ-F-003 | C10: Missing Specification / Ambiguity | D10: Acoustic microphone array sampling rate (kHz), dynamic range, and wind shear noise filtering suppression limits missing. | E10: TDoA direction-finding DSP algorithm may fail in high-wind Himalayan environments due to acoustic clipping and turbulence noise. | F10: P03 and REA-T1 establish 4-channel acoustic ingress but omit acoustic signal processing parameters (P05 ISSUE-003). | G10: Specify acoustic sampling rate (>= 48 kHz, 24-bit ADC) and aerodynamic wind screen attenuation specs in Acoustic Subsystem Spec. | H10: DSP Systems Lead | Milestone 2 (M6)
A11: RTM-ISSUE-007 | B11: REQ-F-006 | C11: Unclear Acceptance Criteria / Ambiguity | D11: Target classification taxonomy and minimum acceptable mean Average Precision (mAP@0.50) undefined in requirement text. | E11: Subjective definition of 'tactical targets' risks dispute during iDEX evaluation regarding detection pass/fail benchmarks. | F11: COTS proposal text referenced YOLOv8; architectural overview generalized to edge neural models without taxonomy (P05 ISSUE-004). | G11: Define formal taxonomy (military vehicles, dismounted personnel, bunker fortifications) and baseline mAP@0.50 >= 0.70 at 1080p. | H11: AI & Vision Lead | Milestone 1 (M3)
A12: RTM-ISSUE-008 | B12: REQ-F-007 | C12: Missing Acceptance Criteria / Ambiguity | D12: Vision transformer pixel-level semantic segmentation lacks standardized terrain classes and minimum acceptable mIoU score. | E12: Impedes validation of obstacle avoidance and safe emergency landing zone identification routines. | F12: Architectural overview specifies semantic segmentation without standard semantic class dictionary (P05 ISSUE-005). | G12: Establish semantic terrain class labels (snow, ice, bare rock, vegetation, water, structure) and baseline mIoU >= 75%. | H12: AI & Vision Lead | Milestone 1 (M4)
A13: RTM-ISSUE-009 | B13: REQ-F-008 | C13: Missing Specification / Ambiguity | D13: Temporal visual change detection lacks historical terrain embedding storage format, geo-registration tolerance, and disturbance bounds. | E13: Comparative change algorithm may trigger excessive false positive alerts from cloud shadows, snowmelt, or minor sensor parallax. | F13: REA-T1-OVERVIEW-2026-V1.0 establishes change detection capability but lacks spatial resolution bounds (P05 ISSUE-006). | G13: Baseline embedding vector format, spatial registration tolerance (<= 0.5 m), and minimum disturbance area (>= 2.0 m^2). | H13: AI & Intelligence Lead | Milestone 2 (M6)
A14: RTM-ISSUE-010 | B14: REQ-F-010, REQ-P-006 | C14: Functional / Performance Overlap | D14: REQ-F-010 mandates FSO laser telemetry transmission; REQ-P-006 specifies throughput (1.2 Gbps) and range (18 km) without cross-reference. | E14: Redundant verification planning where functional demonstration is evaluated separately from optical link performance limits. | F14: P02 draft requirements separated functional ingress from quantitative performance without traceability cross-links (P05 FIND-DUP-001). | G14: Unify verification under a single Master FSO Test Procedure evaluating throughput and link margin across range boundaries. | H14: Optical Comm Lead | Milestone 2 (M7)
A15: RTM-ISSUE-011 | B15: REQ-F-011 | C15: Missing Specification / Ambiguity | D15: FSO Pointing, Acquisition and Tracking (PAT) lacks beam pointing jitter limits (microradians) and optical link re-acquisition budget. | E15: High-altitude mountain turbulence may break optical beam tracking without a defined re-acquisition timeout protocol. | F15: REA-T1 specifies coarse-fine tracking mirror but omits numerical angular jitter bounds (P05 ISSUE-007). | G15: Baseline coarse gimbal accuracy (<= 1.0 mrad), fast steering mirror jitter (<= 50 urad), and re-acquisition budget (<= 2.0 s). | H15: GNC & Optical Lead | Milestone 2 (M7)
... A31: RTM-ISSUE-027 | B31: REQ-S-005 | C31: Security / Maintenance Tradeoff | D31: Strict air-gapped inter-process communication policy lacks authorized protocol for ground maintenance diagnostic data extraction. | E31: Field technicians cannot retrieve encrypted flight logs, thermal audits, or sensor health reports without breaking air-gap policy. | F31: Total air-gap policy drafted without defining secure physical ground support equipment (GSE) diagnostic port interfaces. | G31: Specify optically-isolated physical USB/Ethernet maintenance port active ONLY in disarmed ground state with cryptographic challenge-response. | H31: Systems Integration Lead | Milestone 2 (M6)
